{"rvo": 7.640592596240733e-05, "min": 0.04568596651397283, "1qa": 0.12033886953162429, "moy": 0.2008212240433405, "med": 0.20724278064614887, "3qa": 0.2794385693628622, "max": 0.3734972365669321, "var": 0.008364821604993826}