{"rvo": 7.640592596240733e-05, "min": 0.04837144675114913, "1qa": 0.11888802688604096, "moy": 0.2006175500317355, "med": 0.20506019145611815, "3qa": 0.27917262910975427, "max": 0.37247800784828705, "var": 0.00826259277338468}