{"rvo": 7.640592596240733e-05, "min": 0.04992063469312583, "1qa": 0.11830264111449085, "moy": 0.199840977925295, "med": 0.20542523653421937, "3qa": 0.2781037029666559, "max": 0.36806714784550126, "var": 0.008252386901112472}