{"rvo": 7.63982853698111e-05, "min": 0.050830748505288466, "1qa": 0.12142424482308464, "moy": 0.2000656773049335, "med": 0.20681878620505972, "3qa": 0.2773153523886557, "max": 0.3732433965357368, "var": 0.00827725461566084}