{"rvo": 7.63982853698111e-05, "min": 0.04569496701940607, "1qa": 0.12133057062224309, "moy": 0.20113279075359247, "med": 0.20550041036470304, "3qa": 0.27803792055161425, "max": 0.37427187402408035, "var": 0.00844500606309071}