{"rvo": 7.640592596240733e-05, "min": 0.04901543363125334, "1qa": 0.12018846853345237, "moy": 0.19974259058393443, "med": 0.20618933519658328, "3qa": 0.27524474235944835, "max": 0.3724204508120603, "var": 0.008206146194603555}