{"rvo": 7.640592596240733e-05, "min": 0.04754300721449793, "1qa": 0.11791624879387952, "moy": 0.19933309926992676, "med": 0.20467489588738103, "3qa": 0.27517181357803233, "max": 0.3676775215280854, "var": 0.008215880783907137}