{"rvo": 7.639064477721485e-05, "min": 0.045646019472443844, "1qa": 0.12077028277750163, "moy": 0.20017941066056458, "med": 0.20615870378717033, "3qa": 0.2768799949910636, "max": 0.36922423624735623, "var": 0.008255321848324363}