{"rvo": 7.63982853698111e-05, "min": 0.0484827256428857, "1qa": 0.11941168013498717, "moy": 0.20065423817931133, "med": 0.2071262499152706, "3qa": 0.27612480670601885, "max": 0.36789625060945963, "var": 0.008366123117455385}