{"rvo": 7.63982853698111e-05, "min": 0.04976999161293435, "1qa": 0.12060388099502564, "moy": 0.20081765506769447, "med": 0.20751053854963014, "3qa": 0.278259606769927, "max": 0.37352300898278534, "var": 0.008270443639695202}