{"rvo": 7.637536359202238e-05, "min": 0.05683000505437878, "1qa": 0.12055886523804889, "moy": 0.20053601077247618, "med": 0.19868881237595049, "3qa": 0.27740136562799894, "max": 0.37757871439092383, "var": 0.008096229373755714}