{"rvo": 7.63982853698111e-05, "min": 0.05164598013874661, "1qa": 0.11691399472050892, "moy": 0.2009272883556082, "med": 0.2070809764735253, "3qa": 0.2792227540464533, "max": 0.3689798641782701, "var": 0.008343565732114762}