{"rvo": 7.639064477721485e-05, "min": 0.044906369324134394, "1qa": 0.12004632408748461, "moy": 0.20091713044604484, "med": 0.20596321087521263, "3qa": 0.27893747318941375, "max": 0.37116844828505074, "var": 0.008338873166890122}