{"rvo": 7.636772299942613e-05, "min": 0.04512500672730226, "1qa": 0.11511227991511169, "moy": 0.19558250130682625, "med": 0.1917088254785161, "3qa": 0.273696825805653, "max": 0.37519485141855363, "var": 0.008246556701549142}