{"rvo": 7.639064477721485e-05, "min": 0.0515011931796871, "1qa": 0.11882048885054182, "moy": 0.20050407263917475, "med": 0.20552744664985312, "3qa": 0.27744593786396954, "max": 0.3705325079820922, "var": 0.008291502717438635}