{"rvo": 7.637536359202238e-05, "min": 0.04390744198641742, "1qa": 0.11929490654566996, "moy": 0.19985542327769934, "med": 0.2060436647409073, "3qa": 0.2782063428533387, "max": 0.37075850077456646, "var": 0.008334752411585636}