{"rvo": 7.640592596240733e-05, "min": 0.05015681946348061, "1qa": 0.12808961283391573, "moy": 0.20588319511075281, "med": 0.20090228260577722, "3qa": 0.2836402973091545, "max": 0.38051788415663135, "var": 0.008358545080755342}