{"rvo": 7.639064477721485e-05, "min": 0.049780011167977804, "1qa": 0.12016954019697441, "moy": 0.20063468964628073, "med": 0.20809516602550898, "3qa": 0.2754514543128217, "max": 0.3723222555008143, "var": 0.008252131096720093}