{"rvo": 7.63982853698111e-05, "min": 0.04941970926490257, "1qa": 0.12136333516962715, "moy": 0.20076443173365507, "med": 0.2070814960381156, "3qa": 0.2778818271134109, "max": 0.37566999488918174, "var": 0.008291865897615705}