{"rvo": 7.63982853698111e-05, "min": 0.05289936718697755, "1qa": 0.12055080133050873, "moy": 0.20004233365419027, "med": 0.20578681047188385, "3qa": 0.2773987022487476, "max": 0.36756264161546276, "var": 0.008288688566289918}