{"rvo": 7.636772299942613e-05, "min": 0.04305050180076346, "1qa": 0.12029861118858541, "moy": 0.20137929231521132, "med": 0.1969680502372053, "3qa": 0.276774086377763, "max": 0.38031595420447506, "var": 0.008166265485071583}