{"rvo": 7.639064477721485e-05, "min": 0.04563374595677042, "1qa": 0.12191977575314267, "moy": 0.20016664306624946, "med": 0.20570666591847062, "3qa": 0.27550525465374864, "max": 0.36704887054935226, "var": 0.008352437893406355}