{"rvo": 7.636772299942613e-05, "min": 0.04992037386679044, "1qa": 0.11445540962682284, "moy": 0.1960834440284952, "med": 0.19445425854092033, "3qa": 0.2739862357550722, "max": 0.3675654914437083, "var": 0.008412117164371881}