{"rvo": 7.63982853698111e-05, "min": 0.04874978009245746, "1qa": 0.11953913264102688, "moy": 0.2001245443220016, "med": 0.20620263736577366, "3qa": 0.2781423945473468, "max": 0.3734941237957292, "var": 0.008278553343647887}