{"rvo": 7.63982853698111e-05, "min": 0.047702129564202896, "1qa": 0.12195218709984779, "moy": 0.2003279093846052, "med": 0.20550586373917634, "3qa": 0.27851593732345525, "max": 0.3698380105829528, "var": 0.008246196843872216}