{"rvo": 7.638300418461861e-05, "min": 0.04816325670415676, "1qa": 0.12086203541677215, "moy": 0.20075859236336668, "med": 0.2056908959243353, "3qa": 0.27986647456018837, "max": 0.36736030890354143, "var": 0.00832360216972754}