{"rvo": 7.63982853698111e-05, "min": 0.04689077321555039, "1qa": 0.1194865475394933, "moy": 0.2000556733881559, "med": 0.20586774594516294, "3qa": 0.27639681276370975, "max": 0.36945349233767044, "var": 0.008298799399084202}