{"rvo": 7.639064477721485e-05, "min": 0.04977819308833069, "1qa": 0.12239034414951373, "moy": 0.20209475726099396, "med": 0.20368941734689439, "3qa": 0.27995602581566953, "max": 0.3778568894248643, "var": 0.008456977068122512}