{"rvo": 7.640592596240733e-05, "min": 0.045885724267730695, "1qa": 0.1215114232786266, "moy": 0.20076424470675186, "med": 0.2053288940777009, "3qa": 0.2776790302819536, "max": 0.3671447831942734, "var": 0.008305829098872937}