{"rvo": 7.63982853698111e-05, "min": 0.04572839068086358, "1qa": 0.11980955440603731, "moy": 0.2001397048602689, "med": 0.20485095648403567, "3qa": 0.27828674398627834, "max": 0.3692536528957473, "var": 0.00827602105657627}