{"rvo": 7.640592596240733e-05, "min": 0.04968875279424824, "1qa": 0.12073728420672113, "moy": 0.2001440454928361, "med": 0.206084736088124, "3qa": 0.2777342469082598, "max": 0.36958397283437383, "var": 0.00821681466037062}