{"rvo": 7.638300418461861e-05, "min": 0.04572061950576047, "1qa": 0.12597760215075066, "moy": 0.20443017172071123, "med": 0.20095719813537813, "3qa": 0.28290862522735566, "max": 0.3814885660114549, "var": 0.00837022148187183}