{"rvo": 7.63982853698111e-05, "min": 0.04856307542912602, "1qa": 0.116266339843867, "moy": 0.19810851311257402, "med": 0.19822398883454173, "3qa": 0.27561883718065544, "max": 0.3751463301778096, "var": 0.008558942365574968}