{"rvo": 7.640592596240733e-05, "min": 0.04992039649155777, "1qa": 0.11894670553581654, "moy": 0.20061693467130817, "med": 0.20579778446813407, "3qa": 0.2786706062818318, "max": 0.3757457741130243, "var": 0.008276664067796483}