{"rvo": 7.638300418461861e-05, "min": 0.05241499998431649, "1qa": 0.11940596235658468, "moy": 0.20001992571183563, "med": 0.20528699549622373, "3qa": 0.27525475179043196, "max": 0.37052390604650054, "var": 0.008244209186897129}