{"rvo": 7.639064477721485e-05, "min": 0.04867515712410034, "1qa": 0.12055675857593996, "moy": 0.20040077280361174, "med": 0.20579089971743536, "3qa": 0.27745573273328994, "max": 0.37170816708479004, "var": 0.008231948742992663}