{"rvo": 7.638300418461861e-05, "min": 0.05115863085400855, "1qa": 0.12013918745816037, "moy": 0.20064464912424843, "med": 0.20639271880794607, "3qa": 0.2793388194342851, "max": 0.3706128811359221, "var": 0.008301332259016577}