{"rvo": 7.63982853698111e-05, "min": 0.04846965959299867, "1qa": 0.1206173993857602, "moy": 0.20014261978860695, "med": 0.2044771822620011, "3qa": 0.27788079935250987, "max": 0.37029649728269864, "var": 0.00820538853012247}