{"rvo": 7.640592596240733e-05, "min": 0.05292866727921307, "1qa": 0.12066689009905328, "moy": 0.20093799437473303, "med": 0.2055221930092206, "3qa": 0.2778090959765448, "max": 0.3726637750991519, "var": 0.008361081854427948}