{"rvo": 7.63982853698111e-05, "min": 0.05301211615445646, "1qa": 0.11793249200235878, "moy": 0.200002111073638, "med": 0.20570025126333935, "3qa": 0.2757636887997674, "max": 0.36936142502083125, "var": 0.008264983202496448}