{"rvo": 7.63982853698111e-05, "min": 0.05125041863370901, "1qa": 0.12042231736877176, "moy": 0.2002918773538343, "med": 0.2065292818481792, "3qa": 0.27712610280169786, "max": 0.3689152682077553, "var": 0.008216928354223885}