{"rvo": 7.63982853698111e-05, "min": 0.048368446629265094, "1qa": 0.11922834769544433, "moy": 0.199821511906943, "med": 0.2052825006898665, "3qa": 0.2775791103532383, "max": 0.3769843148696242, "var": 0.008250267494532098}