{"rvo": 7.63982853698111e-05, "min": 0.05033125014221727, "1qa": 0.12045462548138908, "moy": 0.20020688127077202, "med": 0.20410697469043443, "3qa": 0.27725273171001197, "max": 0.3704561608521729, "var": 0.008198512779229046}