{"rvo": 7.639064477721485e-05, "min": 0.05260108449663732, "1qa": 0.11990419434232823, "moy": 0.20144554926975952, "med": 0.20221335595728984, "3qa": 0.27783241732785735, "max": 0.37163358825628706, "var": 0.00843546542809203}