{"rvo": 7.640592596240733e-05, "min": 0.05085205976927143, "1qa": 0.12172231970441075, "moy": 0.20024685372969714, "med": 0.20672437000712626, "3qa": 0.2788271836720727, "max": 0.36751941541752875, "var": 0.008236322300726113}