{"rvo": 7.640592596240733e-05, "min": 0.047061824359654746, "1qa": 0.11775419882301646, "moy": 0.20025771822210775, "med": 0.20400552081556547, "3qa": 0.27827064142259705, "max": 0.3731458132924113, "var": 0.008355424225704618}