{"rvo": 7.63982853698111e-05, "min": 0.04806184357524521, "1qa": 0.11819149260919322, "moy": 0.19938447696970002, "med": 0.20503530855613517, "3qa": 0.2750048823577531, "max": 0.3680331739943997, "var": 0.008216464304193608}