{"rvo": 7.636772299942613e-05, "min": 0.05161226626395795, "1qa": 0.11622262182267219, "moy": 0.1981139352614455, "med": 0.1964979138130405, "3qa": 0.2743651835805461, "max": 0.3745900415591018, "var": 0.008238808894823126}