{"rvo": 7.63982853698111e-05, "min": 0.04612741533339011, "1qa": 0.12028361498009904, "moy": 0.20025443295500178, "med": 0.2071468704129586, "3qa": 0.27488899627456737, "max": 0.36701392380173825, "var": 0.008291342474282766}