{"rvo": 7.638300418461861e-05, "min": 0.046477375115479266, "1qa": 0.12071193555909074, "moy": 0.20092707861550663, "med": 0.20750256715442172, "3qa": 0.2783870671676021, "max": 0.3703556354798369, "var": 0.008284757946774484}