{"rvo": 7.639064477721485e-05, "min": 0.04875522635166607, "1qa": 0.12105748539214822, "moy": 0.19980498999952778, "med": 0.20466218258116342, "3qa": 0.2765471940357708, "max": 0.3717467936801744, "var": 0.008276341478770185}