{"rvo": 7.635244181423365e-05, "min": 0.04560549896152779, "1qa": 0.11746751955473231, "moy": 0.19735057725206526, "med": 0.19915941158910527, "3qa": 0.274406880715643, "max": 0.3732314110444799, "var": 0.008570308264908065}