{"rvo": 7.639064477721485e-05, "min": 0.05221576005126444, "1qa": 0.12174277815352916, "moy": 0.20138822844387555, "med": 0.20524173220908143, "3qa": 0.2779277593050023, "max": 0.3714133016144816, "var": 0.008314233867130401}