{"rvo": 7.640592596240733e-05, "min": 0.04646346941799737, "1qa": 0.12029113603166752, "moy": 0.20011964512607772, "med": 0.20547490888629594, "3qa": 0.2774944689346213, "max": 0.3686644491728533, "var": 0.0082233245240025}