{"rvo": 7.640592596240733e-05, "min": 0.05036003030766191, "1qa": 0.1196103332725827, "moy": 0.19984996324943083, "med": 0.20400073311347733, "3qa": 0.2747424038846321, "max": 0.368360533921581, "var": 0.008074225761935349}