{"rvo": 7.637536359202238e-05, "min": 0.05407033130097596, "1qa": 0.11725896568588992, "moy": 0.19988517302074135, "med": 0.1987866584350685, "3qa": 0.27609414332467747, "max": 0.3770759602659963, "var": 0.008173964078726378}