{"rvo": 7.63982853698111e-05, "min": 0.05232074803020057, "1qa": 0.11996162247765547, "moy": 0.20084924678549151, "med": 0.20686483304736442, "3qa": 0.2782065867198998, "max": 0.3693146327843158, "var": 0.008279321807878534}