{"rvo": 7.636772299942613e-05, "min": 0.045955789197067824, "1qa": 0.1186368702121304, "moy": 0.20029453147114856, "med": 0.20608264065060938, "3qa": 0.2796736884463211, "max": 0.3719423672714241, "var": 0.008246885466595171}