{"rvo": 7.63982853698111e-05, "min": 0.04634087696781004, "1qa": 0.11934125539310576, "moy": 0.20072692695301084, "med": 0.20683998927649042, "3qa": 0.27863396335886564, "max": 0.3759305874677133, "var": 0.0083528409656547}