{"rvo": 7.63982853698111e-05, "min": 0.049764379193593535, "1qa": 0.1185449411384637, "moy": 0.20030053207321494, "med": 0.2054901157317719, "3qa": 0.2776252114827093, "max": 0.3701028635109157, "var": 0.00830865606883309}