{"rvo": 7.639064477721485e-05, "min": 0.05578815530041034, "1qa": 0.11699814266846695, "moy": 0.19915993249006805, "med": 0.19928124138413844, "3qa": 0.2762212720144297, "max": 0.37451491854199853, "var": 0.008154569912362807}