{"rvo": 7.63982853698111e-05, "min": 0.050289111780667126, "1qa": 0.11930291184718701, "moy": 0.2000240804516845, "med": 0.20271361078357614, "3qa": 0.2786211953045914, "max": 0.3773451709631581, "var": 0.00832156601696362}