{"rvo": 7.63982853698111e-05, "min": 0.0519363124400772, "1qa": 0.11851394848881155, "moy": 0.19985593305745028, "med": 0.20522699275135733, "3qa": 0.2756438382607074, "max": 0.3698791680869674, "var": 0.008118045629581802}