{"rvo": 7.63982853698111e-05, "min": 0.049450284260025644, "1qa": 0.12026148937604841, "moy": 0.20039783213980417, "med": 0.20605593352632415, "3qa": 0.27833311329858157, "max": 0.3681345163453542, "var": 0.008230559999144937}