{"rvo": 7.640592596240733e-05, "min": 0.04980513397545984, "1qa": 0.12393572338690412, "moy": 0.20400841766669925, "med": 0.2040928855455525, "3qa": 0.2815111362643617, "max": 0.3785643334298537, "var": 0.008591810619143336}