{"rvo": 7.640592596240733e-05, "min": 0.052782586228451146, "1qa": 0.12070691326014064, "moy": 0.20042343283551053, "med": 0.20547520107963396, "3qa": 0.27845863728212583, "max": 0.36734794680479166, "var": 0.008219654183633686}