{"rvo": 7.63982853698111e-05, "min": 0.0518834365154466, "1qa": 0.11905130206935224, "moy": 0.19981777970811862, "med": 0.20627003275263708, "3qa": 0.27747738674437494, "max": 0.3680387528999279, "var": 0.008219937951752992}