{"rvo": 7.638300418461861e-05, "min": 0.04407289922063179, "1qa": 0.11962137057851797, "moy": 0.1998047749492796, "med": 0.20177313256904358, "3qa": 0.27735212341041826, "max": 0.371745020741301, "var": 0.008490197493016655}