{"rvo": 7.639064477721485e-05, "min": 0.05148374638014122, "1qa": 0.11865772893954014, "moy": 0.20021115863168495, "med": 0.20540142531514327, "3qa": 0.2778544311877068, "max": 0.36934667839082874, "var": 0.008335425009750399}