{"rvo": 7.63982853698111e-05, "min": 0.05068341792766385, "1qa": 0.11943975567658545, "moy": 0.20035396774036487, "med": 0.20477535722955137, "3qa": 0.2778050420237557, "max": 0.3721755983515916, "var": 0.008329601930033686}