{"rvo": 7.640592596240733e-05, "min": 0.046998006304507005, "1qa": 0.1175320205367895, "moy": 0.1996674434806037, "med": 0.20525893723181077, "3qa": 0.2770143179120982, "max": 0.36896764342902827, "var": 0.008238323741424818}