{"rvo": 7.638300418461861e-05, "min": 0.04602935012334802, "1qa": 0.11476444930472549, "moy": 0.19510077051497976, "med": 0.19562969474005257, "3qa": 0.27068017852574466, "max": 0.36913980438460114, "var": 0.008333670124490468}