{"rvo": 7.63982853698111e-05, "min": 0.04722939402877122, "1qa": 0.11922451562517633, "moy": 0.20059159277911373, "med": 0.2080637226476441, "3qa": 0.2764883946884067, "max": 0.369865859659342, "var": 0.00834709129372539}