{"rvo": 7.63982853698111e-05, "min": 0.04960517848741082, "1qa": 0.11984246009533564, "moy": 0.19964983940296582, "med": 0.2052356264617593, "3qa": 0.2761377434437011, "max": 0.37349431631290475, "var": 0.008237109156061692}