{"rvo": 7.63982853698111e-05, "min": 0.051643621414862374, "1qa": 0.12061066246013374, "moy": 0.2005137800578491, "med": 0.20528343215707365, "3qa": 0.27864337400084693, "max": 0.3696509411229551, "var": 0.008264256948292786}