{"rvo": 7.63982853698111e-05, "min": 0.04596115837282824, "1qa": 0.11957545394323338, "moy": 0.20022003747666584, "med": 0.20538156046943923, "3qa": 0.27867476487882453, "max": 0.3714025371361223, "var": 0.008296322612410825}