{"rvo": 7.638300418461861e-05, "min": 0.04741994952851773, "1qa": 0.12223574377303464, "moy": 0.1985156949357876, "med": 0.19944225679726307, "3qa": 0.27245373246266597, "max": 0.372674670944319, "var": 0.008041430597460639}