{"rvo": 7.636772299942613e-05, "min": 0.05246575588161323, "1qa": 0.1200233472323824, "moy": 0.2006070398107348, "med": 0.20549691352115573, "3qa": 0.27860782421411184, "max": 0.36785696271402607, "var": 0.008369692236557142}