{"rvo": 7.639064477721485e-05, "min": 0.049604106432453804, "1qa": 0.12058537486702145, "moy": 0.20068374588418111, "med": 0.20608308393257407, "3qa": 0.27838094366348, "max": 0.37055149878510896, "var": 0.008284623166713995}