{"rvo": 7.638300418461861e-05, "min": 0.05706556451042978, "1qa": 0.12512533826943906, "moy": 0.20244730929956364, "med": 0.20193406999990665, "3qa": 0.2773347604438826, "max": 0.3814559870773792, "var": 0.008011098728461941}