{"rvo": 7.640592596240733e-05, "min": 0.05153389649173535, "1qa": 0.11764217559096127, "moy": 0.19972975424437614, "med": 0.2044531543160455, "3qa": 0.2756996950418236, "max": 0.37190819608728376, "var": 0.008233233524358726}