{"rvo": 7.63982853698111e-05, "min": 0.04651633408011033, "1qa": 0.11898577350822681, "moy": 0.19999263974811315, "med": 0.20482654713958753, "3qa": 0.27875135803287693, "max": 0.3699783180480676, "var": 0.008297795191531973}