{"rvo": 7.63982853698111e-05, "min": 0.048080666800428905, "1qa": 0.12103740419359435, "moy": 0.1997768850797241, "med": 0.20579259316041965, "3qa": 0.2766454185341642, "max": 0.37179664713506066, "var": 0.008214017476350956}