{"rvo": 7.639064477721485e-05, "min": 0.04815823121272308, "1qa": 0.11868115655404321, "moy": 0.20008091513066403, "med": 0.20661138400568896, "3qa": 0.27644991044383527, "max": 0.36967482725091294, "var": 0.008250338450122581}