{"rvo": 7.640592596240733e-05, "min": 0.04659211590428899, "1qa": 0.12107541974660399, "moy": 0.20024318573661437, "med": 0.20749995970586277, "3qa": 0.27683758378502854, "max": 0.36956918319328036, "var": 0.008227822391685298}