{"rvo": 7.638300418461861e-05, "min": 0.054765036438805204, "1qa": 0.12127815464730216, "moy": 0.20305838592069125, "med": 0.2031281226798167, "3qa": 0.2801656057614618, "max": 0.3770112846125838, "var": 0.008382687533669836}