{"rvo": 7.640592596240733e-05, "min": 0.04833752938118802, "1qa": 0.11980113294906691, "moy": 0.20007569832680033, "med": 0.20454004830749856, "3qa": 0.27724456719156676, "max": 0.37041884822574417, "var": 0.00821802131980477}