{"rvo": 7.637536359202238e-05, "min": 0.04634379330091084, "1qa": 0.11973943207815915, "moy": 0.1995818594622409, "med": 0.20737440446885552, "3qa": 0.2774590024934941, "max": 0.3710996919678052, "var": 0.008290758636731236}