{"rvo": 7.640592596240733e-05, "min": 0.04964210456634093, "1qa": 0.11952956337774835, "moy": 0.1999358355157889, "med": 0.2043354592390278, "3qa": 0.276284593986339, "max": 0.3679388678836314, "var": 0.008251028627984287}