{"rvo": 7.63982853698111e-05, "min": 0.04988878293918372, "1qa": 0.11991616850201584, "moy": 0.20070635210463317, "med": 0.2050745043416458, "3qa": 0.2778220950692307, "max": 0.3689273846226083, "var": 0.008264010063573532}