{"rvo": 7.640592596240733e-05, "min": 0.05162893651768844, "1qa": 0.12224702307652678, "moy": 0.20028643973911317, "med": 0.20494897739836476, "3qa": 0.2775908440055716, "max": 0.3741148933655113, "var": 0.008205188662243743}