{"rvo": 7.639064477721485e-05, "min": 0.04789050815533807, "1qa": 0.12022505364362829, "moy": 0.2005275140977884, "med": 0.20777083014903716, "3qa": 0.2766447169385181, "max": 0.367360782653225, "var": 0.008218190630689685}