{"rvo": 7.639064477721485e-05, "min": 0.05038982495098667, "1qa": 0.12083588118665783, "moy": 0.20025910267757588, "med": 0.20611386165818907, "3qa": 0.2768005514691328, "max": 0.3686021819056782, "var": 0.00825091446132398}