{"rvo": 7.639064477721485e-05, "min": 0.05170100717584021, "1qa": 0.12061583499997268, "moy": 0.20064032368196674, "med": 0.2054786303322435, "3qa": 0.2787256064933171, "max": 0.36856418962637366, "var": 0.00819810165124245}