{"rvo": 7.638300418461861e-05, "min": 0.05114873264870342, "1qa": 0.12057361489791024, "moy": 0.19987814824672911, "med": 0.20613814968760497, "3qa": 0.2777809558585493, "max": 0.36809842879244775, "var": 0.008273100632767977}