{"rvo": 7.63982853698111e-05, "min": 0.04896963609369591, "1qa": 0.12099536508438027, "moy": 0.20016611757553956, "med": 0.20548264715590472, "3qa": 0.27866096156550296, "max": 0.3671908108985907, "var": 0.008258134174596641}