{"rvo": 7.638300418461861e-05, "min": 0.0619157818588381, "1qa": 0.12226732338254342, "moy": 0.20186139083328405, "med": 0.1996399931667397, "3qa": 0.2784485191546788, "max": 0.38147946854064874, "var": 0.00801068642341082}