{"rvo": 7.63982853698111e-05, "min": 0.04791524522291933, "1qa": 0.11797780340317769, "moy": 0.20021495898392197, "med": 0.20562388767861575, "3qa": 0.2794248202642735, "max": 0.37582762315409346, "var": 0.00845099714163792}