{"rvo": 7.640592596240733e-05, "min": 0.047079465635311006, "1qa": 0.11863773389368006, "moy": 0.20031997546032326, "med": 0.2040297590010474, "3qa": 0.27658336231050845, "max": 0.37443347724208254, "var": 0.008203254271496157}