{"rvo": 7.640592596240733e-05, "min": 0.0472828789847211, "1qa": 0.1192471601981957, "moy": 0.19951585653864334, "med": 0.204952011234469, "3qa": 0.27631103580681937, "max": 0.36873214561757456, "var": 0.008177186032010923}