{"rvo": 7.63982853698111e-05, "min": 0.04898685844445261, "1qa": 0.11888454001724486, "moy": 0.20019398531168947, "med": 0.2068962360021606, "3qa": 0.27709424710306046, "max": 0.36704784056683704, "var": 0.008265494023426022}