{"rvo": 7.63982853698111e-05, "min": 0.05038295681907671, "1qa": 0.12060322052847487, "moy": 0.2002740197261081, "med": 0.20423806518192533, "3qa": 0.27696789604375194, "max": 0.36951844757139607, "var": 0.008252114655213817}