{"rvo": 7.63982853698111e-05, "min": 0.04991127842941832, "1qa": 0.12102224317127289, "moy": 0.20001062107827805, "med": 0.20618806900638975, "3qa": 0.27575665763834206, "max": 0.3701246074346904, "var": 0.008163887715554832}