{"rvo": 7.639064477721485e-05, "min": 0.048622706480890225, "1qa": 0.11802198344754472, "moy": 0.2002573949951332, "med": 0.2054812000443301, "3qa": 0.27726405547764466, "max": 0.3695097106796125, "var": 0.008417197149866378}