{"rvo": 7.63982853698111e-05, "min": 0.04634574458721838, "1qa": 0.12097797178242822, "moy": 0.19990061823244146, "med": 0.20443502616953552, "3qa": 0.27844921479002627, "max": 0.37222808308477223, "var": 0.008342407787601968}