{"rvo": 7.640592596240733e-05, "min": 0.04959422495501407, "1qa": 0.1206358648382069, "moy": 0.200166368693124, "med": 0.20480357053002263, "3qa": 0.2786158004650131, "max": 0.3681207087179054, "var": 0.008294665773672596}