{"rvo": 7.63982853698111e-05, "min": 0.05020738468673005, "1qa": 0.12084111779842062, "moy": 0.20079596705521321, "med": 0.20574619217916099, "3qa": 0.2774338276952849, "max": 0.3764134085675411, "var": 0.008124799358841646}