{"rvo": 7.639064477721485e-05, "min": 0.051942323840913185, "1qa": 0.12139546410866218, "moy": 0.19996420864179573, "med": 0.20625166057454267, "3qa": 0.2774502346335233, "max": 0.3728759471933873, "var": 0.008307223710142761}