{"rvo": 7.63982853698111e-05, "min": 0.050286894687131045, "1qa": 0.11887163251389726, "moy": 0.20051059087135115, "med": 0.2020408864254087, "3qa": 0.27701305786900726, "max": 0.38161445526240223, "var": 0.008415971204265502}