{"rvo": 7.638300418461861e-05, "min": 0.0490782120080995, "1qa": 0.11943793442453236, "moy": 0.20080171223560306, "med": 0.2065746941763939, "3qa": 0.2768295242405501, "max": 0.3707400656925832, "var": 0.008248605914427621}