{"rvo": 7.638300418461861e-05, "min": 0.04780770707364873, "1qa": 0.12016618898926718, "moy": 0.2005352107032557, "med": 0.20488062175269556, "3qa": 0.27958442649160187, "max": 0.36838805458413765, "var": 0.008282437456481443}