{"rvo": 7.639064477721485e-05, "min": 0.047626310122710465, "1qa": 0.12137404517772826, "moy": 0.19945969959782706, "med": 0.20580644041056678, "3qa": 0.2761383529172086, "max": 0.368463620694001, "var": 0.008112415749665456}