{"rvo": 7.639064477721485e-05, "min": 0.04641791988225759, "1qa": 0.11765008201943669, "moy": 0.1996609458843793, "med": 0.2069726930156366, "3qa": 0.27814628611927106, "max": 0.36730205552255485, "var": 0.008375650192631161}