{"rvo": 7.640592596240733e-05, "min": 0.046509066289875146, "1qa": 0.11787066327626228, "moy": 0.1998754446100803, "med": 0.20492051156101654, "3qa": 0.2778474783862568, "max": 0.370465728431321, "var": 0.0083528214798625}