{"rvo": 7.640592596240733e-05, "min": 0.051793334369861964, "1qa": 0.11839099748801533, "moy": 0.20005895537819163, "med": 0.2044783189682408, "3qa": 0.2769693673072056, "max": 0.37379738015485564, "var": 0.008206840338068497}