{"rvo": 7.638300418461861e-05, "min": 0.05100904480617349, "1qa": 0.11871649727693592, "moy": 0.20051240678363838, "med": 0.20496380773837897, "3qa": 0.27880225524910496, "max": 0.3717668331794035, "var": 0.008337315935373556}