{"rvo": 7.63982853698111e-05, "min": 0.04952768486800755, "1qa": 0.11696310307743428, "moy": 0.1994926825438381, "med": 0.20440221103035924, "3qa": 0.27817171377685435, "max": 0.3673185542164113, "var": 0.008369461986909979}