{"rvo": 7.640592596240733e-05, "min": 0.05209496391743835, "1qa": 0.11889604598059715, "moy": 0.20047992775810972, "med": 0.20517626712616657, "3qa": 0.2780165704614197, "max": 0.36707827346596655, "var": 0.008243426152704623}