{"rvo": 7.640592596240733e-05, "min": 0.05113650308743159, "1qa": 0.12106433391107856, "moy": 0.2007150697473871, "med": 0.20471335146283176, "3qa": 0.27813533594350004, "max": 0.3677271869994317, "var": 0.008186463523533192}