{"rvo": 7.636772299942613e-05, "min": 0.04910715267538405, "1qa": 0.10779034344789938, "moy": 0.1933065169319259, "med": 0.1883492899706439, "3qa": 0.272366890585796, "max": 0.37674244724707917, "var": 0.008546502511129305}