{"rvo": 7.639064477721485e-05, "min": 0.048060729145057234, "1qa": 0.12215165884159358, "moy": 0.19995955242324764, "med": 0.20316405842841206, "3qa": 0.276830388707332, "max": 0.3685164997063246, "var": 0.008219916379549077}