{"rvo": 7.638300418461861e-05, "min": 0.052061167684104244, "1qa": 0.12101690654177566, "moy": 0.19976667594497274, "med": 0.20641573086577147, "3qa": 0.2780043409683311, "max": 0.3689334181281676, "var": 0.008136290830016622}