{"rvo": 7.640592596240733e-05, "min": 0.04768620877630641, "1qa": 0.12190422072489408, "moy": 0.20058305225215844, "med": 0.2073661189929254, "3qa": 0.27923331460384226, "max": 0.3715549653422308, "var": 0.008267818515701382}