{"rvo": 7.639064477721485e-05, "min": 0.05305993153631687, "1qa": 0.12078881279202354, "moy": 0.20003234490941874, "med": 0.20510039551663511, "3qa": 0.2758642528813948, "max": 0.369449222814715, "var": 0.008160270869616003}