{"rvo": 7.638300418461861e-05, "min": 0.05397961706411762, "1qa": 0.1256163582962148, "moy": 0.20356063613674677, "med": 0.202308764124821, "3qa": 0.277607969699643, "max": 0.37977637930393127, "var": 0.008108955306020196}