{"rvo": 7.63982853698111e-05, "min": 0.049191618584848565, "1qa": 0.11876785701597277, "moy": 0.2006324364125649, "med": 0.2061323224052813, "3qa": 0.2775761662588976, "max": 0.3734864895816349, "var": 0.008247775012455855}