{"rvo": 7.63982853698111e-05, "min": 0.04965448780508796, "1qa": 0.1206273727370982, "moy": 0.20059948106816888, "med": 0.2038703106905734, "3qa": 0.2806239299798654, "max": 0.36869909444806725, "var": 0.008196585668611573}