{"rvo": 7.63982853698111e-05, "min": 0.05279155386029769, "1qa": 0.11826390500307976, "moy": 0.2001991722924321, "med": 0.2061619120585812, "3qa": 0.27731402959492785, "max": 0.36935220235404775, "var": 0.008170263401286517}