{"rvo": 7.638300418461861e-05, "min": 0.05111322603236985, "1qa": 0.11919152959822302, "moy": 0.20055477382914788, "med": 0.2077414987126242, "3qa": 0.2772110927949317, "max": 0.37192728363288297, "var": 0.008289826172246065}