{"rvo": 7.640592596240733e-05, "min": 0.04980084472349543, "1qa": 0.118553591953794, "moy": 0.20029327657801627, "med": 0.20619526885562495, "3qa": 0.27899568437673294, "max": 0.3704061081689818, "var": 0.008276693314424143}