{"rvo": 7.640592596240733e-05, "min": 0.048071780892175946, "1qa": 0.1200784576424072, "moy": 0.2005813944940594, "med": 0.20495274496416666, "3qa": 0.2789624541342409, "max": 0.3688566131508197, "var": 0.008342624416741794}