{"rvo": 7.636772299942613e-05, "min": 0.0490355086317991, "1qa": 0.12011327856157528, "moy": 0.2009533658706065, "med": 0.2066038225177707, "3qa": 0.2770219367399166, "max": 0.373113416135396, "var": 0.008385699497607726}