{"rvo": 7.63982853698111e-05, "min": 0.04733254931965943, "1qa": 0.12036471618171615, "moy": 0.20038486106607714, "med": 0.20780033910950135, "3qa": 0.27798890843514557, "max": 0.3672384977708156, "var": 0.008192094712338144}