{"rvo": 7.640592596240733e-05, "min": 0.04625028080221363, "1qa": 0.11752619439046842, "moy": 0.20012489176587747, "med": 0.2049230961156815, "3qa": 0.2782394089025681, "max": 0.36744248485776726, "var": 0.008403687660953847}