{"rvo": 7.638300418461861e-05, "min": 0.04553359900036155, "1qa": 0.11966402788541405, "moy": 0.2005952788720195, "med": 0.20455058043901614, "3qa": 0.27789311899198876, "max": 0.3674915265206755, "var": 0.00833751599890404}