{"rvo": 7.639064477721485e-05, "min": 0.04903048740488066, "1qa": 0.11069431126918879, "moy": 0.1945979399926275, "med": 0.192318204798933, "3qa": 0.2727932002248101, "max": 0.3738758904069021, "var": 0.008386191042815213}