{"rvo": 7.639064477721485e-05, "min": 0.04899405186968585, "1qa": 0.11887694003008414, "moy": 0.1999983406490783, "med": 0.20387681242419853, "3qa": 0.2786440881323059, "max": 0.36926695843668844, "var": 0.008242124084567521}