{"rvo": 7.638300418461861e-05, "min": 0.04305102034590526, "1qa": 0.1152466731527471, "moy": 0.20038389642719506, "med": 0.1956183763752603, "3qa": 0.2771558906498071, "max": 0.3802037829573586, "var": 0.008525354408578316}