{"rvo": 7.63982853698111e-05, "min": 0.048027887434536384, "1qa": 0.11904244153207993, "moy": 0.20002669484034813, "med": 0.20532518868067753, "3qa": 0.27549497062424066, "max": 0.3689967481942568, "var": 0.00829806222493446}