{"rvo": 7.639064477721485e-05, "min": 0.04714991431217324, "1qa": 0.12129788704199265, "moy": 0.20011556986669973, "med": 0.20152055256388782, "3qa": 0.2788987095477258, "max": 0.3695878594987677, "var": 0.00843207889075661}