{"rvo": 7.640592596240733e-05, "min": 0.04782561543138407, "1qa": 0.11872613303909178, "moy": 0.19984218244209956, "med": 0.20534137558176224, "3qa": 0.27798553420652505, "max": 0.36980175720232067, "var": 0.008365599089779305}