{"rvo": 7.63982853698111e-05, "min": 0.04862265094896918, "1qa": 0.12085516830414594, "moy": 0.19981087118570923, "med": 0.2038454743989621, "3qa": 0.2757647739789477, "max": 0.36973050719900374, "var": 0.008208363850913896}