{"rvo": 7.639064477721485e-05, "min": 0.05035699933815274, "1qa": 0.12129139022752397, "moy": 0.19950233329466852, "med": 0.20321833011225177, "3qa": 0.27574172553452403, "max": 0.3692576708064164, "var": 0.00829601901550286}