{"rvo": 7.63982853698111e-05, "min": 0.04816531884692522, "1qa": 0.12000771399567407, "moy": 0.20021879215232938, "med": 0.20532963856123954, "3qa": 0.2765927835282369, "max": 0.36829505905756554, "var": 0.008141709845857853}