{"rvo": 7.640592596240733e-05, "min": 0.0503125651243362, "1qa": 0.12003323691788781, "moy": 0.1998616888327528, "med": 0.20484303198141102, "3qa": 0.2777167692671673, "max": 0.36827885278288064, "var": 0.008330179862875162}