{"rvo": 7.640592596240733e-05, "min": 0.04970215043723118, "1qa": 0.12050161339610233, "moy": 0.200203824259103, "med": 0.20640007577307287, "3qa": 0.2743689951906007, "max": 0.37216738699175445, "var": 0.008155995872293733}