{"rvo": 7.639064477721485e-05, "min": 0.0484796627591254, "1qa": 0.12213163961119179, "moy": 0.2009408401051069, "med": 0.20662587568163898, "3qa": 0.27855201776741634, "max": 0.3674378341134468, "var": 0.008235542625648492}