{"rvo": 7.639064477721485e-05, "min": 0.05129307559285779, "1qa": 0.1205774160170731, "moy": 0.2003065832419461, "med": 0.20680485584240882, "3qa": 0.2760180229761705, "max": 0.3732790301379506, "var": 0.008135675058269577}