{"rvo": 7.635244181423365e-05, "min": 0.05044376452810648, "1qa": 0.11638097662915883, "moy": 0.1958027690366267, "med": 0.19484749787907374, "3qa": 0.27430473162300584, "max": 0.3673846128037011, "var": 0.008272837624904718}