{"rvo": 7.637536359202238e-05, "min": 0.05342897068499829, "1qa": 0.11528696092435567, "moy": 0.19688692939973157, "med": 0.19495157330928242, "3qa": 0.2738823750894813, "max": 0.37241075166827015, "var": 0.008317295478473721}