{"rvo": 0.0, "min": 0.01357008607917301, "1qa": 0.0970440953426153, "moy": 0.17046650132907953, "med": 0.17234291221313686, "3qa": 0.2396878812639547, "max": 0.36930572622099217, "var": 0.007080121236171045}