{"rvo": 7.638300418461861e-05, "min": 0.05052757866432084, "1qa": 0.11816397857519678, "moy": 0.19966604467194174, "med": 0.20518110862315192, "3qa": 0.2761867419744194, "max": 0.3729562332972174, "var": 0.008216501775443868}