{"rvo": 7.640592596240733e-05, "min": 0.04862429116587192, "1qa": 0.12025157002684302, "moy": 0.20015851265894305, "med": 0.2067061466038136, "3qa": 0.27678365014581907, "max": 0.3689492360876454, "var": 0.00821489525965718}