{"rvo": 7.63982853698111e-05, "min": 0.048628267287965356, "1qa": 0.12097856163790048, "moy": 0.20038867380059192, "med": 0.20408372321762638, "3qa": 0.27889070196050747, "max": 0.3726130420973378, "var": 0.008296217843238057}