{"rvo": 7.63982853698111e-05, "min": 0.05103404483126061, "1qa": 0.11707989480039357, "moy": 0.20019935338231626, "med": 0.207424265558862, "3qa": 0.2782858620428511, "max": 0.3715012827056366, "var": 0.008315125914473396}