{"rvo": 7.639064477721485e-05, "min": 0.046318985768785716, "1qa": 0.12075971433209304, "moy": 0.20018964116728308, "med": 0.20643641926562134, "3qa": 0.27800487175847266, "max": 0.37091550622358604, "var": 0.008248629056730204}