{"rvo": 7.63982853698111e-05, "min": 0.05016571134409305, "1qa": 0.11865652578646346, "moy": 0.20021701000308958, "med": 0.20701837158116948, "3qa": 0.2774576807558995, "max": 0.3710006605685921, "var": 0.008277044988995034}