{"rvo": 7.639064477721485e-05, "min": 0.05004988696863107, "1qa": 0.12236855890391292, "moy": 0.20042772642094348, "med": 0.20408147375070435, "3qa": 0.276465792878401, "max": 0.37122566667726414, "var": 0.008047955793313431}