{"rvo": 7.63982853698111e-05, "min": 0.04883476539444839, "1qa": 0.12051038237357485, "moy": 0.2001530207179314, "med": 0.2049946871492017, "3qa": 0.2751139747713338, "max": 0.37065480468428447, "var": 0.008231715013600748}