{"rvo": 7.63982853698111e-05, "min": 0.049645513130133746, "1qa": 0.12073119995012112, "moy": 0.2001508784204839, "med": 0.20656673406770693, "3qa": 0.2774946361612325, "max": 0.3731309728061645, "var": 0.008202421677683773}