{"rvo": 7.63982853698111e-05, "min": 0.0499487803570214, "1qa": 0.12049883847653887, "moy": 0.20049993886072104, "med": 0.20616965169239423, "3qa": 0.276965223694531, "max": 0.3801869017436285, "var": 0.008425659035008987}