{"rvo": 7.63982853698111e-05, "min": 0.050208944312683496, "1qa": 0.12194701285423319, "moy": 0.2003780085047559, "med": 0.2056420144581506, "3qa": 0.27747597666930435, "max": 0.36807241181007394, "var": 0.008202887866121921}