{"rvo": 7.640592596240733e-05, "min": 0.05199432326363835, "1qa": 0.11923209273794347, "moy": 0.19982417242438033, "med": 0.20607533082598767, "3qa": 0.2761335387891963, "max": 0.3724362048496432, "var": 0.008050921835205564}