{"rvo": 7.640592596240733e-05, "min": 0.04977318165965501, "1qa": 0.12127554327925723, "moy": 0.1995774713608227, "med": 0.20469490130668364, "3qa": 0.27459695849299137, "max": 0.37248077237494415, "var": 0.008146891259767532}