{"rvo": 7.639064477721485e-05, "min": 0.04838708456446946, "1qa": 0.1208154634313146, "moy": 0.20028796947129146, "med": 0.20472541220267165, "3qa": 0.2761264433864762, "max": 0.36763210205139657, "var": 0.008202097959548151}