{"rvo": 7.63982853698111e-05, "min": 0.04481381957837593, "1qa": 0.11989110717299617, "moy": 0.19960961445265707, "med": 0.20856921928894273, "3qa": 0.27678172438330395, "max": 0.36986515696488553, "var": 0.00836508269313508}