{"volume": 0.04122000000000001, "relative_volume": 0.31494522681704307, "moyenne": 0.17835130604231808, "variance": 0.007869420719710706, "ecart_type": 0.08870975549346705}