{"volume": 0.008804000000000001, "relative_volume": 0.06726777721730343, "moyenne": 0.17750415933391073, "variance": 0.007838926194653498, "ecart_type": 0.0885377105794672}