{"volume": 0.041288000000000005, "relative_volume": 0.31546478711358744, "moyenne": 0.1782926748888835, "variance": 0.007845717402048705, "ecart_type": 0.08857605433777634}