{"volume": 0.013912000000000002, "relative_volume": 0.1062959241989011, "moyenne": 0.16966593116704778, "variance": 0.007481767038205078, "ecart_type": 0.08649720826827348}