{"volume": 0.013910000000000002, "relative_volume": 0.10628064301370861, "moyenne": 0.16974492974707722, "variance": 0.0075264507480331255, "ecart_type": 0.08675511943414708}