{"volume": 0.04123600000000001, "relative_volume": 0.31506747629858295, "moyenne": 0.178474127239958, "variance": 0.007885254394094866, "ecart_type": 0.08879895491555555}