{"volume": 0.04031200000000001, "relative_volume": 0.3080075687396565, "moyenne": 0.17620293898893344, "variance": 0.007881437630247286, "ecart_type": 0.08877746127394771}