{"volume": 0.041280000000000004, "relative_volume": 0.3154036623728175, "moyenne": 0.17852815969155914, "variance": 0.007906920978926712, "ecart_type": 0.08892086919799375}