{"volume": 0.000984, "relative_volume": 0.007518343114700882, "moyenne": 0.1788412645483567, "variance": 0.008051819766205674, "ecart_type": 0.0897319328121582}