{"volume": 0.006036000000000001, "relative_volume": 0.04611861691090908, "moyenne": 0.1696646566094574, "variance": 0.007480610804450175, "ecart_type": 0.08649052436221077}