{"volume": 0.00875, "relative_volume": 0.06685518521710643, "moyenne": 0.1776743463672295, "variance": 0.007905810180175023, "ecart_type": 0.08891462298280876}