{"volume": 0.039586, "relative_volume": 0.3024604985147857, "moyenne": 0.17611192185064142, "variance": 0.00788700076074439, "ecart_type": 0.08880878763244317}