{"volume": 0.0009900000000000002, "relative_volume": 0.007564186670278327, "moyenne": 0.17768576146392573, "variance": 0.008052394609990552, "ecart_type": 0.08973513587213512}