{"volume": 0.04130500000000001, "relative_volume": 0.31559467718772355, "moyenne": 0.17747139770936043, "variance": 0.00784578962500845, "ecart_type": 0.0885764620258026}