{"volume": 0.04125800000000001, "relative_volume": 0.31523556933570024, "moyenne": 0.17835834929079677, "variance": 0.0078744727490184, "ecart_type": 0.08873822597403218}