{"volume": 0.00010000000000000002, "relative_volume": 0.0007640592596240734, "moyenne": 0.17643465189288482, "variance": 0.007994696335040154, "ecart_type": 0.08941306579600185}