{"volume": 0.008828, "relative_volume": 0.0674511514396132, "moyenne": 0.1782406294249537, "variance": 0.0078539772005706, "ecart_type": 0.08862266753246936}