{"volume": 0.013860000000000003, "relative_volume": 0.10589861338389658, "moyenne": 0.16966441023543627, "variance": 0.007480704846532689, "ecart_type": 0.08649106801590953}