{"volume": 0.016586000000000004, "relative_volume": 0.12672686880124884, "moyenne": 0.1701584180669606, "variance": 0.0075838567761274435, "ecart_type": 0.08708534191313394}