{"volume": 0.04133200000000001, "relative_volume": 0.315800973187822, "moyenne": 0.17821618977457085, "variance": 0.007899413847791543, "ecart_type": 0.08887864674820124}