{"volume": 0.038949000000000004, "relative_volume": 0.29759344103098034, "moyenne": 0.1747796370842344, "variance": 0.007846161873922976, "ecart_type": 0.08857856328662696}