{"volume": 0.041066000000000005, "relative_volume": 0.313768575557222, "moyenne": 0.17809979390762237, "variance": 0.007891642754813761, "ecart_type": 0.08883491855578954}