{"volume": 0.040420000000000005, "relative_volume": 0.30883275274005045, "moyenne": 0.17636445537718606, "variance": 0.00788614939484341, "ecart_type": 0.08880399425050323}