{"volume": 0.041238000000000004, "relative_volume": 0.3150827574837754, "moyenne": 0.17836389397647942, "variance": 0.00786534328807171, "ecart_type": 0.08868677064856803}