{"volume": 0.041219000000000006, "relative_volume": 0.31493758622444684, "moyenne": 0.17781578999251918, "variance": 0.00783458020556987, "ecart_type": 0.0885131640241714}