{"volume": 0.0009500000000000001, "relative_volume": 0.007258562966428697, "moyenne": 0.1696640436449636, "variance": 0.007480595213931674, "ecart_type": 0.08649043423368664}