{"volume": 0.041150000000000006, "relative_volume": 0.31441038533530624, "moyenne": 0.1783466739881216, "variance": 0.007886226212809318, "ecart_type": 0.08880442676358717}