{"volume": 0.0009850000000000002, "relative_volume": 0.007525983707297124, "moyenne": 0.17839986265669686, "variance": 0.007962242148974685, "ecart_type": 0.08923139665484725}