{"volume": 0.041328000000000004, "relative_volume": 0.31577041081743706, "moyenne": 0.17824143944738005, "variance": 0.007842365515018004, "ecart_type": 0.08855713136172605}