{"volume": 0.041150000000000006, "relative_volume": 0.31441038533530624, "moyenne": 0.17856901210283335, "variance": 0.00791880350818306, "ecart_type": 0.08898765930275422}