{"volume": 0.05835700000000001, "relative_volume": 0.4458820621388206, "moyenne": 0.17746634387258656, "variance": 0.007873159831331276, "ecart_type": 0.08873082796486954}