{"volume": 0.040857000000000004, "relative_volume": 0.3121716917046077, "moyenne": 0.17666254327377762, "variance": 0.00788765208990052, "ecart_type": 0.08881245458774642}