{"volume": 0.04113700000000001, "relative_volume": 0.3143110576315551, "moyenne": 0.17688743290892608, "variance": 0.007838561788672219, "ecart_type": 0.08853565264158963}