{"volume": 0.008847, "relative_volume": 0.06759632269894177, "moyenne": 0.1789904692708886, "variance": 0.008005891023939563, "ecart_type": 0.0894756448646198}