{"volume": 0.0009860000000000001, "relative_volume": 0.007533624299893364, "moyenne": 0.17783409917616522, "variance": 0.008006076910637063, "ecart_type": 0.08947668361443144}