{"volume": 0.04132000000000001, "relative_volume": 0.31570928607666715, "moyenne": 0.17833379533450508, "variance": 0.007852415362549263, "ecart_type": 0.08861385536443646}