{"volume": 0.040351000000000005, "relative_volume": 0.30830555185090985, "moyenne": 0.17645749105188935, "variance": 0.00787903446133403, "ecart_type": 0.08876392545023024}