{"volume": 0.008745000000000001, "relative_volume": 0.06681698225412522, "moyenne": 0.1769971314583275, "variance": 0.007856999801849118, "ecart_type": 0.08863971909843306}