{"volume": 0.04092400000000001, "relative_volume": 0.31268361140855583, "moyenne": 0.17640253510172355, "variance": 0.007863504461383772, "ecart_type": 0.08867640306972184}