{"volume": 0.0009880000000000002, "relative_volume": 0.0075489054850858455, "moyenne": 0.1767647919119438, "variance": 0.0077621546610469605, "ecart_type": 0.0881030910981389}