{"volume": 0.041302000000000005, "relative_volume": 0.3155717554099348, "moyenne": 0.1783757627146435, "variance": 0.007854532178425883, "ecart_type": 0.0886257986052926}