{"volume": 0.0009850000000000002, "relative_volume": 0.007525983707297124, "moyenne": 0.17986770214474423, "variance": 0.007766042399549082, "ecart_type": 0.08812515191220428}