{"volume": 0.008783000000000001, "relative_volume": 0.06710732477278236, "moyenne": 0.17754182488342352, "variance": 0.007838706292969375, "ecart_type": 0.08853646871752552}