{"volume": 0.008844000000000001, "relative_volume": 0.06757340092115305, "moyenne": 0.1782778505627392, "variance": 0.007902078089732523, "ecart_type": 0.08889363357255976}