{"volume": 0.04108900000000001, "relative_volume": 0.31394430918693556, "moyenne": 0.17833193360428437, "variance": 0.007877706055995148, "ecart_type": 0.08875644233516318}