{"volume": 0.04108900000000001, "relative_volume": 0.31394430918693556, "moyenne": 0.1779901217391979, "variance": 0.007857118568950924, "ecart_type": 0.08864038903880625}