{"volume": 0.0009850000000000002, "relative_volume": 0.007525983707297124, "moyenne": 0.17920674716518106, "variance": 0.007994238689758026, "ecart_type": 0.08941050659602609}